{"texture_size":[32,32],"textures":{"1":"aslcraft:items/pickaxe"},"elements":[{"from":[7,0,7],"to":[9.5,2.5,9.5],"faces":{"north":{"uv":[5,1,6,2],"texture":"#1"},"east":{"uv":[4,1,5,2],"texture":"#1"},"south":{"uv":[7,1,8,2],"texture":"#1"},"west":{"uv":[6,1,7,2],"texture":"#1"},"up":{"uv":[6,1,5,0],"texture":"#1"},"down":{"uv":[7,0,6,1],"texture":"#1"}}},{"from":[7.5,2.5,7.5],"to":[9,11.5,9],"faces":{"north":{"uv":[0.5,4,1,8.5],"texture":"#1"},"east":{"uv":[0,4,0.5,8.5],"texture":"#1"},"south":{"uv":[1.5,4,2,8.5],"texture":"#1"},"west":{"uv":[1,4,1.5,8.5],"texture":"#1"},"up":{"uv":[1,4,0.5,3.5],"texture":"#1"},"down":{"uv":[1.5,3.5,1,4],"texture":"#1"}}},{"from":[7.15,11.5,7.15],"to":[9.4,16.5,9.4],"rotation":{"angle":0,"axis":"y","origin":[8.25,14.5,8.25]},"faces":{"north":{"uv":[1,1,2,3.5],"texture":"#1"},"east":{"uv":[0,1,1,3.5],"texture":"#1"},"south":{"uv":[3,1,4,3.5],"texture":"#1"},"west":{"uv":[2,1,3,3.5],"texture":"#1"},"up":{"uv":[2,1,1,0],"texture":"#1"},"down":{"uv":[3,0,2,1],"texture":"#1"}}},{"from":[7,18,7],"to":[9.5,18.5,9.5],"rotation":{"angle":0,"axis":"z","origin":[8.25,17.25,8.25]},"faces":{"north":{"uv":[3,6.75,4,6.75],"texture":"#1"},"east":{"uv":[2,6.75,3,6.75],"texture":"#1"},"south":{"uv":[5,6.75,6,6.75],"texture":"#1"},"west":{"uv":[4,6.75,5,6.75],"texture":"#1"},"up":{"uv":[4,6.75,3,5.75],"texture":"#1"},"down":{"uv":[5,5.75,4,6.75],"texture":"#1"}}},{"from":[6,16.5,7],"to":[10.5,18,9.5],"rotation":{"angle":0,"axis":"z","origin":[8.25,17.25,8.25]},"faces":{"north":{"uv":[4,3.5,6,4],"rotation":180,"texture":"#1"},"east":{"uv":[3,3.5,4,4],"rotation":180,"texture":"#1"},"south":{"uv":[7,3.5,9,4],"rotation":180,"texture":"#1","cullface":"up"},"west":{"uv":[6,3.5,7,4],"rotation":180,"texture":"#1"},"up":{"uv":[6,3.5,4,2.5],"rotation":180,"texture":"#1"},"down":{"uv":[8,2.5,6,3.5],"rotation":180,"texture":"#1"}}},{"from":[9.75,17,7],"to":[14.25,18.5,9.5],"rotation":{"angle":-22.5,"axis":"z","origin":[8.25,17.25,8.25]},"faces":{"north":{"uv":[4,3.5,6,4],"texture":"#1"},"east":{"uv":[3,3.5,4,4],"texture":"#1"},"south":{"uv":[7,3.5,9,4],"texture":"#1"},"west":{"uv":[6,3.5,7,4],"texture":"#1"},"up":{"uv":[6,3.5,4,2.5],"texture":"#1"},"down":{"uv":[8,2.5,6,3.5],"texture":"#1"}}},{"from":[13.25,19,7.25],"to":[15.5,20.5,9.25],"rotation":{"angle":-45,"axis":"z","origin":[8.25,17.25,8.25]},"faces":{"north":{"uv":[6,5.5,7,6],"rotation":90,"texture":"#1"},"east":{"uv":[5,5.5,6,6],"rotation":270,"texture":"#1"},"south":{"uv":[8,5.5,9,6],"rotation":270,"texture":"#1"},"west":{"uv":[7,5.5,8,6],"rotation":270,"texture":"#1"},"up":{"uv":[7,5.5,6,4.5],"rotation":270,"texture":"#1"},"down":{"uv":[8,4.5,7,5.5],"rotation":270,"texture":"#1"}}},{"from":[2.25,17,7],"to":[6.75,18.5,9.5],"rotation":{"angle":22.5,"axis":"z","origin":[8.25,17.25,8.25]},"faces":{"north":{"uv":[4,3.5,6,4],"texture":"#1"},"east":{"uv":[3,3.5,4,4],"texture":"#1"},"south":{"uv":[7,3.5,9,4],"texture":"#1"},"west":{"uv":[6,3.5,7,4],"texture":"#1"},"up":{"uv":[6,3.5,4,2.5],"rotation":180,"texture":"#1"},"down":{"uv":[8,2.5,6,3.5],"rotation":180,"texture":"#1"}}},{"from":[1,19,7.25],"to":[3.25,20.5,9.25],"rotation":{"angle":45,"axis":"z","origin":[8.25,17.25,8.25]},"faces":{"north":{"uv":[3,5,4,5.5],"rotation":180,"texture":"#1"},"east":{"uv":[2,5,3,5.5],"rotation":180,"texture":"#1"},"south":{"uv":[5,5,6,5.5],"rotation":180,"texture":"#1"},"west":{"uv":[4,5,5,5.5],"rotation":180,"texture":"#1"},"up":{"uv":[4,5,3,4],"texture":"#1"},"down":{"uv":[5,4,4,5],"texture":"#1"}}}],"display":{"thirdperson_righthand":{"rotation":[10,90,0],"translation":[0,1,1.5]},"thirdperson_lefthand":{"rotation":[10,90,0],"translation":[0,1,1]},"firstperson_righthand":{"rotation":[5.5,90,0],"translation":[3,-0.5,1.5]},"firstperson_lefthand":{"rotation":[-5,90,0],"translation":[3,-0.5,1.5]},"ground":{"rotation":[0,0,45],"translation":[0,2.5,0],"scale":[0.85,0.85,0.85]},"gui":{"rotation":[0,22.5,45],"translation":[1.5,-1.75,0],"scale":[0.9,0.9,0.9]},"head":{"rotation":[0,0,-45],"translation":[-1.25,-18.25,3.75],"scale":[0.75,0.75,0.75]},"fixed":{"rotation":[0,0,-45],"translation":[-2.25,-1.75,-1.25],"scale":[1.1,1.1,1.1]}},"groups":[{"name":"handle","origin":[8,8,8],"color":0,"children":[0,1,2]},{"name":"pick","origin":[8.25,17.25,8.25],"color":0,"children":[3,4,5,6,7,8]}]}