{"variants":{"facing=north,lit=false":{"model":"block/blast_furnace"},"facing=south,lit=false":{"model":"block/blast_furnace","y":180},"facing=west,lit=false":{"model":"block/blast_furnace","y":270},"facing=east,lit=false":{"model":"block/blast_furnace","y":90},"facing=north,lit=true":{"model":"block/blast_furnace_on"},"facing=south,lit=true":{"model":"block/blast_furnace_on","y":180},"facing=west,lit=true":{"model":"block/blast_furnace_on","y":270},"facing=east,lit=true":{"model":"block/blast_furnace_on","y":90}}}