{"variants":{"face=ceiling,facing=north,powered=false":{"model":"block/lever_on","x":180,"y":180},"face=ceiling,facing=east,powered=false":{"model":"block/lever_on","x":180,"y":270},"face=ceiling,facing=south,powered=false":{"model":"block/lever_on","x":180},"face=ceiling,facing=west,powered=false":{"model":"block/lever_on","x":180,"y":90},"face=floor,facing=north,powered=false":{"model":"block/lever_on"},"face=floor,facing=east,powered=false":{"model":"block/lever_on","y":90},"face=floor,facing=south,powered=false":{"model":"block/lever_on","y":180},"face=floor,facing=west,powered=false":{"model":"block/lever_on","y":270},"face=wall,facing=north,powered=false":{"model":"block/lever_on","x":90},"face=wall,facing=east,powered=false":{"model":"block/lever_on","x":90,"y":90},"face=wall,facing=south,powered=false":{"model":"block/lever_on","x":90,"y":180},"face=wall,facing=west,powered=false":{"model":"block/lever_on","x":90,"y":270},"face=ceiling,facing=north,powered=true":{"model":"block/lever","x":180,"y":180},"face=ceiling,facing=east,powered=true":{"model":"block/lever","x":180,"y":270},"face=ceiling,facing=south,powered=true":{"model":"block/lever","x":180},"face=ceiling,facing=west,powered=true":{"model":"block/lever","x":180,"y":90},"face=floor,facing=north,powered=true":{"model":"block/lever"},"face=floor,facing=east,powered=true":{"model":"block/lever","y":90},"face=floor,facing=south,powered=true":{"model":"block/lever","y":180},"face=floor,facing=west,powered=true":{"model":"block/lever","y":270},"face=wall,facing=north,powered=true":{"model":"block/lever","x":90},"face=wall,facing=east,powered=true":{"model":"block/lever","x":90,"y":90},"face=wall,facing=south,powered=true":{"model":"block/lever","x":90,"y":180},"face=wall,facing=west,powered=true":{"model":"block/lever","x":90,"y":270}}}